{
  "hash": "c4a431e7",
  "configHash": "96340e07",
  "lockfileHash": "6d6a4232",
  "browserHash": "a2dbd4da",
  "optimized": {
    "@angular/animations": {
      "src": "../../../../../../node_modules/@angular/animations/fesm2022/animations.mjs",
      "file": "@angular_animations.js",
      "fileHash": "e2bfa85c",
      "needsInterop": false
    },
    "@angular/common": {
      "src": "../../../../../../node_modules/@angular/common/fesm2022/common.mjs",
      "file": "@angular_common.js",
      "fileHash": "0657eb57",
      "needsInterop": false
    },
    "@angular/common/http": {
      "src": "../../../../../../node_modules/@angular/common/fesm2022/http.mjs",
      "file": "@angular_common_http.js",
      "fileHash": "14790417",
      "needsInterop": false
    },
    "@angular/core": {
      "src": "../../../../../../node_modules/@angular/core/fesm2022/core.mjs",
      "file": "@angular_core.js",
      "fileHash": "fadb2ac0",
      "needsInterop": false
    },
    "@angular/forms": {
      "src": "../../../../../../node_modules/@angular/forms/fesm2022/forms.mjs",
      "file": "@angular_forms.js",
      "fileHash": "cc554910",
      "needsInterop": false
    },
    "@angular/platform-browser": {
      "src": "../../../../../../node_modules/@angular/platform-browser/fesm2022/platform-browser.mjs",
      "file": "@angular_platform-browser.js",
      "fileHash": "98f1a98d",
      "needsInterop": false
    },
    "@angular/platform-browser/animations": {
      "src": "../../../../../../node_modules/@angular/platform-browser/fesm2022/animations.mjs",
      "file": "@angular_platform-browser_animations.js",
      "fileHash": "510ad46a",
      "needsInterop": false
    },
    "@angular/platform-server": {
      "src": "../../../../../../node_modules/@angular/platform-server/fesm2022/platform-server.mjs",
      "file": "@angular_platform-server.js",
      "fileHash": "110bf562",
      "needsInterop": false
    },
    "@angular/router": {
      "src": "../../../../../../node_modules/@angular/router/fesm2022/router.mjs",
      "file": "@angular_router.js",
      "fileHash": "b3aa4c70",
      "needsInterop": false
    },
    "@angular/ssr": {
      "src": "../../../../../../node_modules/@angular/ssr/fesm2022/ssr.mjs",
      "file": "@angular_ssr.js",
      "fileHash": "3c9e1c50",
      "needsInterop": false
    },
    "@angular/ssr/node": {
      "src": "../../../../../../node_modules/@angular/ssr/fesm2022/node.mjs",
      "file": "@angular_ssr_node.js",
      "fileHash": "5470dd48",
      "needsInterop": false
    },
    "express": {
      "src": "../../../../../../node_modules/express/index.js",
      "file": "express.js",
      "fileHash": "90dc3520",
      "needsInterop": true
    },
    "lucide-angular": {
      "src": "../../../../../../node_modules/lucide-angular/fesm2015/lucide-angular.mjs",
      "file": "lucide-angular.js",
      "fileHash": "5630918b",
      "needsInterop": false
    },
    "rxjs": {
      "src": "../../../../../../node_modules/rxjs/dist/cjs/index.js",
      "file": "rxjs.js",
      "fileHash": "80b29dc5",
      "needsInterop": true
    },
    "rxjs/operators": {
      "src": "../../../../../../node_modules/rxjs/dist/cjs/operators/index.js",
      "file": "rxjs_operators.js",
      "fileHash": "fdc39288",
      "needsInterop": true
    }
  },
  "chunks": {
    "xhr2-TXIMV6CV": {
      "file": "xhr2-TXIMV6CV.js"
    },
    "chunk-DRSZAGTN": {
      "file": "chunk-DRSZAGTN.js"
    },
    "chunk-UE2MN2QL": {
      "file": "chunk-UE2MN2QL.js"
    },
    "chunk-AIYQZYMA": {
      "file": "chunk-AIYQZYMA.js"
    },
    "chunk-3OKHCCU5": {
      "file": "chunk-3OKHCCU5.js"
    },
    "chunk-UTAV3TW6": {
      "file": "chunk-UTAV3TW6.js"
    },
    "chunk-4DXP6HB6": {
      "file": "chunk-4DXP6HB6.js"
    },
    "chunk-CL7GMOAE": {
      "file": "chunk-CL7GMOAE.js"
    },
    "chunk-6NPWRHXV": {
      "file": "chunk-6NPWRHXV.js"
    },
    "chunk-5OYFQ7Y2": {
      "file": "chunk-5OYFQ7Y2.js"
    },
    "chunk-S6GBUSPU": {
      "file": "chunk-S6GBUSPU.js"
    },
    "chunk-ZUJ64LXG": {
      "file": "chunk-ZUJ64LXG.js"
    },
    "chunk-XCIYP5SE": {
      "file": "chunk-XCIYP5SE.js"
    },
    "chunk-OYTRG5F6": {
      "file": "chunk-OYTRG5F6.js"
    },
    "chunk-YHCV7DAQ": {
      "file": "chunk-YHCV7DAQ.js"
    }
  }
}