{
  "hash": "4a7c2360",
  "configHash": "a7a9c226",
  "lockfileHash": "6d6a4232",
  "browserHash": "4f52f391",
  "optimized": {
    "@angular/animations": {
      "src": "../../../../../../node_modules/@angular/animations/fesm2022/animations.mjs",
      "file": "@angular_animations.js",
      "fileHash": "5464af66",
      "needsInterop": false
    },
    "@angular/common": {
      "src": "../../../../../../node_modules/@angular/common/fesm2022/common.mjs",
      "file": "@angular_common.js",
      "fileHash": "95745be5",
      "needsInterop": false
    },
    "@angular/common/http": {
      "src": "../../../../../../node_modules/@angular/common/fesm2022/http.mjs",
      "file": "@angular_common_http.js",
      "fileHash": "689b8f58",
      "needsInterop": false
    },
    "@angular/core": {
      "src": "../../../../../../node_modules/@angular/core/fesm2022/core.mjs",
      "file": "@angular_core.js",
      "fileHash": "9a88dacb",
      "needsInterop": false
    },
    "@angular/forms": {
      "src": "../../../../../../node_modules/@angular/forms/fesm2022/forms.mjs",
      "file": "@angular_forms.js",
      "fileHash": "9ba1e052",
      "needsInterop": false
    },
    "@angular/platform-browser": {
      "src": "../../../../../../node_modules/@angular/platform-browser/fesm2022/platform-browser.mjs",
      "file": "@angular_platform-browser.js",
      "fileHash": "1d5808b7",
      "needsInterop": false
    },
    "@angular/platform-browser/animations": {
      "src": "../../../../../../node_modules/@angular/platform-browser/fesm2022/animations.mjs",
      "file": "@angular_platform-browser_animations.js",
      "fileHash": "c7355529",
      "needsInterop": false
    },
    "@angular/router": {
      "src": "../../../../../../node_modules/@angular/router/fesm2022/router.mjs",
      "file": "@angular_router.js",
      "fileHash": "703766e8",
      "needsInterop": false
    },
    "lucide-angular": {
      "src": "../../../../../../node_modules/lucide-angular/fesm2020/lucide-angular.mjs",
      "file": "lucide-angular.js",
      "fileHash": "d824b08b",
      "needsInterop": false
    },
    "rxjs": {
      "src": "../../../../../../node_modules/rxjs/dist/esm5/index.js",
      "file": "rxjs.js",
      "fileHash": "ef23ec9a",
      "needsInterop": false
    },
    "rxjs/operators": {
      "src": "../../../../../../node_modules/rxjs/dist/esm5/operators/index.js",
      "file": "rxjs_operators.js",
      "fileHash": "f04b1d31",
      "needsInterop": false
    }
  },
  "chunks": {
    "chunk-2GMFAYV7": {
      "file": "chunk-2GMFAYV7.js"
    },
    "chunk-ITVHHKPN": {
      "file": "chunk-ITVHHKPN.js"
    },
    "chunk-Y6LFMXIO": {
      "file": "chunk-Y6LFMXIO.js"
    },
    "chunk-PHBREZCU": {
      "file": "chunk-PHBREZCU.js"
    },
    "chunk-DVMK5NTK": {
      "file": "chunk-DVMK5NTK.js"
    },
    "chunk-6HXH3O7U": {
      "file": "chunk-6HXH3O7U.js"
    },
    "chunk-CAZOW7N2": {
      "file": "chunk-CAZOW7N2.js"
    },
    "chunk-FFZIAYYX": {
      "file": "chunk-FFZIAYYX.js"
    },
    "chunk-6Q4RANH6": {
      "file": "chunk-6Q4RANH6.js"
    },
    "chunk-CXCX2JKZ": {
      "file": "chunk-CXCX2JKZ.js"
    }
  }
}